conc,growth
1,13.3222079379203
2,10.8305328089083
3,11.1765715064331
4,8.98395336946397
5,8.1206954901671
6,8.04378381984629
7,5.24744940390419
8,7.2136631215058
9,2.27301595493662
10,2.13181537401631
